V(m/s),rpm,alpha,Cl_mean,Cl_std,Cd_mean,Cm_mean,status
12,120,2.0944,3.455761,0.579853,0.649175,0.013033,OK
12,360,6.2832,10.715355,0.162523,2.909650,0.076331,OK
12,600,10.4720,9.923143,1.130627,3.430725,0.225850,OK
8,600,15.7080,10.231907,1.006841,3.801436,0.550523,OK
20,360,3.7699,6.118110,0.019548,1.025321,0.031353,OK
20,60,0.6283,1.091580,1.430320,1.099829,0.002420,OK
